order_id,tracking_code,service_id,service_name,price,unit,eta,qty,status,created_at,last_status_at,elapsed_hours,time_in_status_hours,predicted_remaining_hours,predicted_finish_at,progress_percent
1001,FT-20001,1,Wash & Fold,65.00,per kg,Same day (6 hrs),4,Pending,2026-10-03 08:00:00,2026-10-03 08:00:00,2,2,5.5,2026-10-03 13:30:00,15
1002,FT-20002,1,Wash & Fold,65.00,per kg,Same day (6 hrs),6,Received,2026-10-03 07:00:00,2026-10-03 08:00:00,3,1,4.5,2026-10-03 12:30:00,25
1003,FT-20003,1,Wash & Fold,65.00,per kg,Same day (6 hrs),5,Washing,2026-10-03 06:00:00,2026-10-03 08:30:00,4,1.5,3,2026-10-03 11:30:00,45
1004,FT-20004,1,Wash & Fold,65.00,per kg,Same day (6 hrs),8,Drying,2026-10-03 05:00:00,2026-10-03 09:00:00,5,1,2,2026-10-03 11:00:00,65
1005,FT-20005,1,Wash & Fold,65.00,per kg,Same day (6 hrs),3,Ready for Pickup,2026-10-03 04:00:00,2026-10-03 09:30:00,6,0.5,1,2026-10-03 10:30:00,88
1006,FT-20006,1,Wash & Fold,65.00,per kg,Same day (6 hrs),7,Completed,2026-10-02 14:00:00,2026-10-02 20:00:00,6,0,0,2026-10-02 20:00:00,100
1007,FT-20007,1,Wash & Fold,65.00,per kg,Same day (6 hrs),2,Cancelled,2026-10-02 10:00:00,2026-10-02 10:30:00,0.5,0,0,2026-10-02 10:30:00,0
1008,FT-20008,1,Wash & Fold,65.00,per kg,Same day (6 hrs),5,Pending,2026-10-03 09:00:00,2026-10-03 09:00:00,1,1,5,2026-10-03 14:00:00,15
1009,FT-20009,1,Wash & Fold,65.00,per kg,Same day (6 hrs),4,Received,2026-10-03 08:30:00,2026-10-03 09:15:00,1.5,0.75,4,2026-10-03 13:15:00,25
1010,FT-20010,1,Wash & Fold,65.00,per kg,Same day (6 hrs),10,Washing,2026-10-03 07:30:00,2026-10-03 09:30:00,3,2,3.5,2026-10-03 13:00:00,45
1011,FT-20011,1,Wash & Fold,65.00,per kg,Same day (6 hrs),6,Drying,2026-10-03 06:30:00,2026-10-03 09:45:00,4,1.5,2.5,2026-10-03 12:15:00,65
1012,FT-20012,1,Wash & Fold,65.00,per kg,Same day (6 hrs),2,Ready for Pickup,2026-10-03 05:30:00,2026-10-03 10:00:00,5,0.5,0.75,2026-10-03 10:45:00,88
1013,FT-20013,1,Wash & Fold,65.00,per kg,Same day (6 hrs),9,Completed,2026-10-02 09:00:00,2026-10-02 15:00:00,6,0,0,2026-10-02 15:00:00,100
1014,FT-20014,1,Wash & Fold,65.00,per kg,Same day (6 hrs),3,Cancelled,2026-10-02 12:00:00,2026-10-02 12:20:00,0.33,0,0,2026-10-02 12:20:00,0
1015,FT-20015,1,Wash & Fold,65.00,per kg,Same day (6 hrs),1,Pending,2026-10-03 09:30:00,2026-10-03 09:30:00,0.5,0.5,5.5,2026-10-03 15:00:00,10
1016,FT-20016,1,Wash & Fold,65.00,per kg,Same day (6 hrs),7,Received,2026-10-03 08:45:00,2026-10-03 09:45:00,1.75,1,4.25,2026-10-03 14:00:00,25
1017,FT-20017,1,Wash & Fold,65.00,per kg,Same day (6 hrs),12,Washing,2026-10-03 07:00:00,2026-10-03 10:00:00,3.5,3,3,2026-10-03 13:00:00,45
1018,FT-20018,1,Wash & Fold,65.00,per kg,Same day (6 hrs),5,Drying,2026-10-03 06:00:00,2026-10-03 10:15:00,4.5,2,2,2026-10-03 12:15:00,65
1019,FT-20019,1,Wash & Fold,65.00,per kg,Same day (6 hrs),4,Ready for Pickup,2026-10-03 05:00:00,2026-10-03 10:30:00,5.5,0.5,0.5,2026-10-03 11:00:00,90
1020,FT-20020,1,Wash & Fold,65.00,per kg,Same day (6 hrs),8,Completed,2026-10-02 08:00:00,2026-10-02 14:00:00,6,0,0,2026-10-02 14:00:00,100
1021,FT-20021,2,Wash & Iron,90.00,per kg,24 hrs,5,Pending,2026-10-03 09:00:00,2026-10-03 09:00:00,1,1,23,2026-10-04 08:00:00,5
1022,FT-20022,2,Wash & Iron,90.00,per kg,24 hrs,3,Received,2026-10-03 08:00:00,2026-10-03 09:00:00,2,1,22,2026-10-04 07:00:00,15
1023,FT-20023,2,Wash & Iron,90.00,per kg,24 hrs,6,Washing,2026-10-03 06:00:00,2026-10-03 09:30:00,4,2,18,2026-10-04 03:30:00,35
1024,FT-20024,2,Wash & Iron,90.00,per kg,24 hrs,4,Drying,2026-10-03 04:00:00,2026-10-03 09:45:00,6,2,15,2026-10-04 00:45:00,60
1025,FT-20025,2,Wash & Iron,90.00,per kg,24 hrs,2,Ready for Pickup,2026-10-02 20:00:00,2026-10-03 10:00:00,14,1,8,2026-10-03 18:00:00,85
1026,FT-20026,2,Wash & Iron,90.00,per kg,24 hrs,7,Completed,2026-10-02 08:00:00,2026-10-03 08:00:00,24,0,0,2026-10-03 08:00:00,100
1027,FT-20027,2,Wash & Iron,90.00,per kg,24 hrs,1,Cancelled,2026-10-03 07:00:00,2026-10-03 07:30:00,0.5,0,0,2026-10-03 07:30:00,0
1028,FT-20028,2,Wash & Iron,90.00,per kg,24 hrs,8,Pending,2026-10-03 09:30:00,2026-10-03 09:30:00,0.5,0.5,23.5,2026-10-04 09:00:00,5
1029,FT-20029,2,Wash & Iron,90.00,per kg,24 hrs,4,Received,2026-10-03 07:30:00,2026-10-03 09:45:00,2.25,1.25,21,2026-10-04 06:45:00,15
1030,FT-20030,2,Wash & Iron,90.00,per kg,24 hrs,5,Washing,2026-10-03 05:00:00,2026-10-03 10:00:00,5,3,17,2026-10-04 03:00:00,35
1031,FT-20031,2,Wash & Iron,90.00,per kg,24 hrs,3,Drying,2026-10-03 03:00:00,2026-10-03 10:15:00,7.25,3,14,2026-10-04 00:15:00,60
1032,FT-20032,2,Wash & Iron,90.00,per kg,24 hrs,6,Ready for Pickup,2026-10-02 18:00:00,2026-10-03 10:30:00,16.5,2,6,2026-10-03 16:30:00,85
1033,FT-20033,2,Wash & Iron,90.00,per kg,24 hrs,2,Completed,2026-10-02 06:00:00,2026-10-03 06:00:00,24,0,0,2026-10-03 06:00:00,100
1034,FT-20034,2,Wash & Iron,90.00,per kg,24 hrs,9,Cancelled,2026-10-03 08:15:00,2026-10-03 08:45:00,0.5,0,0,2026-10-03 08:45:00,0
1035,FT-20035,2,Wash & Iron,90.00,per kg,24 hrs,3,Pending,2026-10-03 10:00:00,2026-10-03 10:00:00,0.25,0.25,24,2026-10-04 10:00:00,5
1036,FT-20036,2,Wash & Iron,90.00,per kg,24 hrs,5,Received,2026-10-03 08:00:00,2026-10-03 10:15:00,2.25,2.25,20,2026-10-04 06:15:00,15
1037,FT-20037,2,Wash & Iron,90.00,per kg,24 hrs,7,Washing,2026-10-03 05:30:00,2026-10-03 10:30:00,5,5,16,2026-10-04 02:30:00,35
1038,FT-20038,2,Wash & Iron,90.00,per kg,24 hrs,4,Drying,2026-10-03 02:00:00,2026-10-03 10:45:00,8.75,4,13,2026-10-03 23:45:00,60
1039,FT-20039,2,Wash & Iron,90.00,per kg,24 hrs,8,Ready for Pickup,2026-10-02 17:00:00,2026-10-03 11:00:00,18,2,5,2026-10-03 16:00:00,85
1040,FT-20040,2,Wash & Iron,90.00,per kg,24 hrs,1,Completed,2026-10-02 05:00:00,2026-10-03 05:00:00,24,0,0,2026-10-03 05:00:00,100
1041,FT-20041,3,Dry Cleaning,180.00,per piece,48 hrs,2,Pending,2026-10-03 09:00:00,2026-10-03 09:00:00,2,2,46,2026-10-05 07:00:00,5
1042,FT-20042,3,Dry Cleaning,180.00,per piece,48 hrs,1,Received,2026-10-03 07:00:00,2026-10-03 09:00:00,4,2,44,2026-10-05 05:00:00,12
1043,FT-20043,3,Dry Cleaning,180.00,per piece,48 hrs,3,Washing,2026-10-03 03:00:00,2026-10-03 09:30:00,8,3,38,2026-10-04 23:30:00,30
1044,FT-20044,3,Dry Cleaning,180.00,per piece,48 hrs,2,Drying,2026-10-02 21:00:00,2026-10-03 10:00:00,14,4,32,2026-10-04 18:00:00,55
1045,FT-20045,3,Dry Cleaning,180.00,per piece,48 hrs,1,Ready for Pickup,2026-10-01 20:00:00,2026-10-03 10:30:00,38,6,10,2026-10-03 20:30:00,85
1046,FT-20046,3,Dry Cleaning,180.00,per piece,48 hrs,4,Completed,2026-10-01 08:00:00,2026-10-03 08:00:00,48,0,0,2026-10-03 08:00:00,100
1047,FT-20047,3,Dry Cleaning,180.00,per piece,48 hrs,2,Cancelled,2026-10-03 06:00:00,2026-10-03 06:30:00,0.5,0,0,2026-10-03 06:30:00,0
1048,FT-20048,3,Dry Cleaning,180.00,per piece,48 hrs,5,Pending,2026-10-03 10:00:00,2026-10-03 10:00:00,0.5,0.5,47.5,2026-10-05 09:30:00,5
1049,FT-20049,3,Dry Cleaning,180.00,per piece,48 hrs,3,Received,2026-10-03 06:00:00,2026-10-03 10:15:00,4.25,4.25,42,2026-10-05 04:15:00,12
1050,FT-20050,3,Dry Cleaning,180.00,per piece,48 hrs,2,Washing,2026-10-03 01:00:00,2026-10-03 10:30:00,9.5,6,36,2026-10-04 22:30:00,30
1051,FT-20051,3,Dry Cleaning,180.00,per piece,48 hrs,1,Drying,2026-10-02 18:00:00,2026-10-03 10:45:00,16.75,8,28,2026-10-04 14:45:00,55
1052,FT-20052,3,Dry Cleaning,180.00,per piece,48 hrs,3,Ready for Pickup,2026-10-01 15:00:00,2026-10-03 11:00:00,44,8,6,2026-10-03 17:00:00,85
1053,FT-20053,3,Dry Cleaning,180.00,per piece,48 hrs,2,Completed,2026-10-01 06:00:00,2026-10-03 06:00:00,48,0,0,2026-10-03 06:00:00,100
1054,FT-20054,3,Dry Cleaning,180.00,per piece,48 hrs,1,Cancelled,2026-10-03 07:30:00,2026-10-03 08:00:00,0.5,0,0,2026-10-03 08:00:00,0
1055,FT-20055,3,Dry Cleaning,180.00,per piece,48 hrs,4,Pending,2026-10-03 09:30:00,2026-10-03 09:30:00,1,1,47,2026-10-05 08:30:00,5
1056,FT-20056,3,Dry Cleaning,180.00,per piece,48 hrs,2,Received,2026-10-03 05:00:00,2026-10-03 09:45:00,4.75,4.75,43,2026-10-05 04:45:00,12
1057,FT-20057,3,Dry Cleaning,180.00,per piece,48 hrs,3,Washing,2026-10-02 23:00:00,2026-10-03 10:00:00,11,9,34,2026-10-04 20:00:00,30
1058,FT-20058,3,Dry Cleaning,180.00,per piece,48 hrs,1,Drying,2026-10-02 14:00:00,2026-10-03 10:15:00,20.25,10,24,2026-10-04 10:15:00,55
1059,FT-20059,3,Dry Cleaning,180.00,per piece,48 hrs,2,Ready for Pickup,2026-10-01 12:00:00,2026-10-03 10:30:00,46.5,12,2,2026-10-03 12:30:00,90
1060,FT-20060,3,Dry Cleaning,180.00,per piece,48 hrs,3,Completed,2026-10-01 05:00:00,2026-10-03 05:00:00,48,0,0,2026-10-03 05:00:00,100
1061,FT-20061,4,Comforter / Beddings,250.00,per item,48 hrs,1,Pending,2026-10-03 08:00:00,2026-10-03 08:00:00,3,3,45,2026-10-05 05:00:00,5
1062,FT-20062,4,Comforter / Beddings,250.00,per item,48 hrs,2,Received,2026-10-03 05:00:00,2026-10-03 08:30:00,6,3.5,42,2026-10-05 02:30:00,12
1063,FT-20063,4,Comforter / Beddings,250.00,per item,48 hrs,1,Washing,2026-10-03 00:00:00,2026-10-03 09:00:00,11,5,37,2026-10-04 22:00:00,30
1064,FT-20064,4,Comforter / Beddings,250.00,per item,48 hrs,3,Drying,2026-10-02 16:00:00,2026-10-03 09:30:00,19,7,29,2026-10-04 14:30:00,55
1065,FT-20065,4,Comforter / Beddings,250.00,per item,48 hrs,1,Ready for Pickup,2026-10-01 10:00:00,2026-10-03 10:00:00,47,10,1,2026-10-03 11:00:00,92
1066,FT-20066,4,Comforter / Beddings,250.00,per item,48 hrs,2,Completed,2026-10-01 08:00:00,2026-10-03 08:00:00,48,0,0,2026-10-03 08:00:00,100
1067,FT-20067,4,Comforter / Beddings,250.00,per item,48 hrs,1,Cancelled,2026-10-03 07:00:00,2026-10-03 07:20:00,0.33,0,0,2026-10-03 07:20:00,0
1068,FT-20068,4,Comforter / Beddings,250.00,per item,48 hrs,4,Pending,2026-10-03 09:00:00,2026-10-03 09:00:00,1,1,47,2026-10-05 08:00:00,5
1069,FT-20069,4,Comforter / Beddings,250.00,per item,48 hrs,2,Received,2026-10-03 04:00:00,2026-10-03 09:15:00,5.25,5.25,43,2026-10-05 04:15:00,12
1070,FT-20070,4,Comforter / Beddings,250.00,per item,48 hrs,1,Washing,2026-10-02 22:00:00,2026-10-03 09:30:00,11.5,8,36,2026-10-04 21:30:00,30
1071,FT-20071,4,Comforter / Beddings,250.00,per item,48 hrs,3,Drying,2026-10-02 12:00:00,2026-10-03 09:45:00,21.75,12,26,2026-10-04 11:45:00,55
1072,FT-20072,4,Comforter / Beddings,250.00,per item,48 hrs,2,Ready for Pickup,2026-10-01 08:00:00,2026-10-03 10:00:00,49,10,0.5,2026-10-03 10:30:00,95
1073,FT-20073,4,Comforter / Beddings,250.00,per item,48 hrs,1,Completed,2026-10-01 06:00:00,2026-10-03 06:00:00,48,0,0,2026-10-03 06:00:00,100
1074,FT-20074,4,Comforter / Beddings,250.00,per item,48 hrs,2,Cancelled,2026-10-03 06:30:00,2026-10-03 07:00:00,0.5,0,0,2026-10-03 07:00:00,0
1075,FT-20075,4,Comforter / Beddings,250.00,per item,48 hrs,1,Pending,2026-10-03 09:30:00,2026-10-03 09:30:00,0.5,0.5,47.5,2026-10-05 09:00:00,5
1076,FT-20076,4,Comforter / Beddings,250.00,per item,48 hrs,3,Received,2026-10-03 03:00:00,2026-10-03 09:45:00,6.75,6.75,41,2026-10-05 02:45:00,12
1077,FT-20077,4,Comforter / Beddings,250.00,per item,48 hrs,2,Washing,2026-10-02 20:00:00,2026-10-03 10:00:00,14,10,34,2026-10-04 20:00:00,30
1078,FT-20078,4,Comforter / Beddings,250.00,per item,48 hrs,1,Drying,2026-10-02 10:00:00,2026-10-03 10:15:00,24.25,14,24,2026-10-04 10:15:00,55
1079,FT-20079,4,Comforter / Beddings,250.00,per item,48 hrs,2,Ready for Pickup,2026-10-01 06:00:00,2026-10-03 10:30:00,51.5,12,0.25,2026-10-03 10:45:00,98
1080,FT-20080,4,Comforter / Beddings,250.00,per item,48 hrs,3,Completed,2026-10-01 04:00:00,2026-10-03 04:00:00,48,0,0,2026-10-03 04:00:00,100
1081,FT-20081,5,Express Wash,120.00,per kg,3 hrs,3,Pending,2026-10-03 09:00:00,2026-10-03 09:00:00,0.5,0.5,2.5,2026-10-03 11:30:00,10
1082,FT-20082,5,Express Wash,120.00,per kg,3 hrs,5,Received,2026-10-03 08:30:00,2026-10-03 09:00:00,1,0.5,2,2026-10-03 11:00:00,20
1083,FT-20083,5,Express Wash,120.00,per kg,3 hrs,4,Washing,2026-10-03 08:00:00,2026-10-03 09:15:00,1.25,0.75,1.5,2026-10-03 10:45:00,45
1084,FT-20084,5,Express Wash,120.00,per kg,3 hrs,6,Drying,2026-10-03 07:30:00,2026-10-03 09:30:00,2,1,0.75,2026-10-03 10:15:00,70
1085,FT-20085,5,Express Wash,120.00,per kg,3 hrs,2,Ready for Pickup,2026-10-03 07:00:00,2026-10-03 09:45:00,2.75,0.5,0.25,2026-10-03 10:00:00,90
1086,FT-20086,5,Express Wash,120.00,per kg,3 hrs,8,Completed,2026-10-03 06:00:00,2026-10-03 09:00:00,3,0,0,2026-10-03 09:00:00,100
1087,FT-20087,5,Express Wash,120.00,per kg,3 hrs,1,Cancelled,2026-10-03 08:45:00,2026-10-03 09:00:00,0.25,0,0,2026-10-03 09:00:00,0
1088,FT-20088,5,Express Wash,120.00,per kg,3 hrs,7,Pending,2026-10-03 09:30:00,2026-10-03 09:30:00,0.25,0.25,2.75,2026-10-03 12:15:00,10
1089,FT-20089,5,Express Wash,120.00,per kg,3 hrs,3,Received,2026-10-03 08:15:00,2026-10-03 09:30:00,1.25,1,1.75,2026-10-03 11:15:00,20
1090,FT-20090,5,Express Wash,120.00,per kg,3 hrs,5,Washing,2026-10-03 07:45:00,2026-10-03 09:45:00,2,1.5,1,2026-10-03 10:45:00,45
1091,FT-20091,5,Express Wash,120.00,per kg,3 hrs,4,Drying,2026-10-03 07:15:00,2026-10-03 10:00:00,2.75,1.5,0.5,2026-10-03 10:30:00,70
1092,FT-20092,5,Express Wash,120.00,per kg,3 hrs,6,Ready for Pickup,2026-10-03 06:45:00,2026-10-03 10:15:00,3.5,1,0.1,2026-10-03 10:21:00,95
1093,FT-20093,5,Express Wash,120.00,per kg,3 hrs,2,Completed,2026-10-03 05:30:00,2026-10-03 08:30:00,3,0,0,2026-10-03 08:30:00,100
1094,FT-20094,5,Express Wash,120.00,per kg,3 hrs,3,Cancelled,2026-10-03 08:50:00,2026-10-03 09:05:00,0.25,0,0,2026-10-03 09:05:00,0
1095,FT-20095,5,Express Wash,120.00,per kg,3 hrs,8,Pending,2026-10-03 09:45:00,2026-10-03 09:45:00,0.25,0.25,2.75,2026-10-03 12:30:00,10
1096,FT-20096,5,Express Wash,120.00,per kg,3 hrs,4,Received,2026-10-03 08:00:00,2026-10-03 09:45:00,1.75,1.75,1.25,2026-10-03 11:00:00,20
1097,FT-20097,5,Express Wash,120.00,per kg,3 hrs,3,Washing,2026-10-03 07:30:00,2026-10-03 10:00:00,2.5,2,0.75,2026-10-03 10:45:00,45
1098,FT-20098,5,Express Wash,120.00,per kg,3 hrs,5,Drying,2026-10-03 07:00:00,2026-10-03 10:15:00,3.25,2,0.25,2026-10-03 10:30:00,70
1099,FT-20099,5,Express Wash,120.00,per kg,3 hrs,1,Ready for Pickup,2026-10-03 06:30:00,2026-10-03 10:30:00,4,1,0.1,2026-10-03 10:36:00,98
1100,FT-20100,5,Express Wash,120.00,per kg,3 hrs,7,Completed,2026-10-03 05:00:00,2026-10-03 08:00:00,3,0,0,2026-10-03 08:00:00,100